Precision@10,Recall@10,F1-Score@10,MAP@10,NDCG@10
0.5977777777777777,0.09261968856764916,0.09629591038241306,0.0595584606652434,0.8031252425372601
